timestamp,src_ip,method,url,headers,body
2024-01-15 10:30:15,192.168.1.100,GET,/api/users,"{""User-Agent"":""Mozilla/5.0"",""Accept"":""application/json""}",
2024-01-15 10:30:16,192.168.1.101,POST,/api/login,"{""Content-Type"":""application/json"",""User-Agent"":""Mozilla/5.0""}","{""username"":""admin"",""password"":""password123""}"
2024-01-15 10:30:17,192.168.1.102,GET,/admin/dashboard,"{""User-Agent"":""Mozilla/5.0"",""Authorization"":""Bearer token123""}",
2024-01-15 10:30:18,192.168.1.103,POST,/api/search,"{""Content-Type"":""application/json"",""User-Agent"":""Mozilla/5.0""}","{""query"":""<script>alert('xss')</script>""}"
2024-01-15 10:30:19,192.168.1.104,GET,/api/products?id=1,"{""User-Agent"":""Mozilla/5.0"",""Accept"":""application/json""}",
2024-01-15 10:30:20,192.168.1.105,POST,/api/upload,"{""Content-Type"":""multipart/form-data"",""User-Agent"":""Mozilla/5.0""}","{""file"":""malicious.exe""}"
2024-01-15 10:30:21,192.168.1.106,GET,/api/users?id=1' OR '1'='1,"{""User-Agent"":""Mozilla/5.0"",""Accept"":""application/json""}",
2024-01-15 10:30:22,192.168.1.107,POST,/api/comment,"{""Content-Type"":""application/json"",""User-Agent"":""Mozilla/5.0""}","{""comment"":""<iframe src='evil.com'></iframe>""}"
2024-01-15 10:30:23,192.168.1.108,GET,/api/config,"{""User-Agent"":""Mozilla/5.0"",""Authorization"":""Bearer admin""}",
2024-01-15 10:30:24,192.168.1.109,POST,/api/query,"{""Content-Type"":""application/json"",""User-Agent"":""Mozilla/5.0""}","{""sql"":""SELECT * FROM users WHERE 1=1""}"
2024-01-15 10:30:25,192.168.1.110,GET,/api/files/../etc/passwd,"{""User-Agent"":""Mozilla/5.0"",""Accept"":""application/json""}",
2024-01-15 10:30:26,192.168.1.111,POST,/api/eval,"{""Content-Type"":""application/json"",""User-Agent"":""Mozilla/5.0""}","{""code"":""eval('malicious_code')""}"
2024-01-15 10:30:27,192.168.1.112,GET,/api/backup,"{""User-Agent"":""Mozilla/5.0"",""Authorization"":""Bearer backup""}",
2024-01-15 10:30:28,192.168.1.113,POST,/api/exec,"{""Content-Type"":""application/json"",""User-Agent"":""Mozilla/5.0""}","{""command"":""rm -rf /""}"
2024-01-15 10:30:29,192.168.1.114,GET,/api/test,"{""User-Agent"":""Mozilla/5.0"",""Accept"":""application/json""}",
2024-01-15 10:30:30,192.168.1.115,POST,/api/insert,"{""Content-Type"":""application/json"",""User-Agent"":""Mozilla/5.0""}","{""data"":""INSERT INTO users VALUES ('hacker','password')""}"
2024-01-15 10:30:31,192.168.1.116,GET,/api/phpinfo,"{""User-Agent"":""Mozilla/5.0"",""Accept"":""application/json""}",
2024-01-15 10:30:32,192.168.1.117,POST,/api/update,"{""Content-Type"":""application/json"",""User-Agent"":""Mozilla/5.0""}","{""query"":""UPDATE users SET password='hacked'""}"
2024-01-15 10:30:33,192.168.1.118,GET,/api/info,"{""User-Agent"":""Mozilla/5.0"",""Authorization"":""Bearer info""}",
2024-01-15 10:30:34,192.168.1.119,POST,/api/delete,"{""Content-Type"":""application/json"",""User-Agent"":""Mozilla/5.0""}","{""sql"":""DELETE FROM logs""}"
2024-01-15 10:30:35,192.168.1.120,GET,/api/debug,"{""User-Agent"":""Mozilla/5.0"",""Accept"":""application/json""}",
2024-01-15 10:30:36,192.168.1.121,POST,/api/create,"{""Content-Type"":""application/json"",""User-Agent"":""Mozilla/5.0""}","{""table"":""CREATE TABLE malicious (id INT)""}"
2024-01-15 10:30:37,192.168.1.122,GET,/api/error,"{""User-Agent"":""Mozilla/5.0"",""Accept"":""application/json""}",
2024-01-15 10:30:38,192.168.1.123,POST,/api/alter,"{""Content-Type"":""application/json"",""User-Agent"":""Mozilla/5.0""}","{""sql"":""ALTER TABLE users ADD COLUMN hacked BOOLEAN""}"
2024-01-15 10:30:39,192.168.1.124,GET,/api/log,"{""User-Agent"":""Mozilla/5.0"",""Authorization"":""Bearer log""}",
2024-01-15 10:30:40,192.168.1.125,POST,/api/grant,"{""Content-Type"":""application/json"",""User-Agent"":""Mozilla/5.0""}","{""permission"":""GRANT ALL PRIVILEGES ON *.* TO 'hacker'@'%'""}"
2024-01-15 10:30:41,192.168.1.126,GET,/api/temp,"{""User-Agent"":""Mozilla/5.0"",""Accept"":""application/json""}",
2024-01-15 10:30:42,192.168.1.127,POST,/api/revoke,"{""Content-Type"":""application/json"",""User-Agent"":""Mozilla/5.0""}","{""sql"":""REVOKE ALL PRIVILEGES FROM 'admin'@'%'""}"
2024-01-15 10:30:43,192.168.1.128,GET,/api/cache,"{""User-Agent"":""Mozilla/5.0"",""Accept"":""application/json""}",
2024-01-15 10:30:44,192.168.1.129,POST,/api/truncate,"{""Content-Type"":""application/json"",""User-Agent"":""Mozilla/5.0""}","{""table"":""TRUNCATE TABLE users""}"
2024-01-15 10:30:45,192.168.1.130,GET,/api/session,"{""User-Agent"":""Mozilla/5.0"",""Authorization"":""Bearer session""}",
2024-01-15 10:30:46,192.168.1.131,POST,/api/commit,"{""Content-Type"":""application/json"",""User-Agent"":""Mozilla/5.0""}","{""transaction"":""COMMIT""}"
2024-01-15 10:30:47,192.168.1.132,GET,/api/cookie,"{""User-Agent"":""Mozilla/5.0"",""Accept"":""application/json""}",
2024-01-15 10:30:48,192.168.1.133,POST,/api/rollback,"{""Content-Type"":""application/json"",""User-Agent"":""Mozilla/5.0""}","{""transaction"":""ROLLBACK""}"
2024-01-15 10:30:49,192.168.1.134,GET,/api/normal,"{""User-Agent"":""Mozilla/5.0"",""Accept"":""application/json""}",
2024-01-15 10:30:50,192.168.1.135,POST,/api/savepoint,"{""Content-Type"":""application/json"",""User-Agent"":""Mozilla/5.0""}","{""savepoint"":""SAVEPOINT sp1""}"
2024-01-15 10:30:51,192.168.1.136,GET,/api/legitimate,"{""User-Agent"":""Mozilla/5.0"",""Accept"":""application/json""}",
2024-01-15 10:30:52,192.168.1.137,POST,/api/safe,"{""Content-Type"":""application/json"",""User-Agent"":""Mozilla/5.0""}","{""data"":""normal_user_data""}"
2024-01-15 10:30:53,192.168.1.138,GET,/api/health,"{""User-Agent"":""Mozilla/5.0"",""Accept"":""application/json""}",
2024-01-15 10:30:54,192.168.1.139,POST,/api/status,"{""Content-Type"":""application/json"",""User-Agent"":""Mozilla/5.0""}","{""status"":""ok""}"
2024-01-15 10:30:55,192.168.1.140,GET,/api/version,"{""User-Agent"":""Mozilla/5.0"",""Accept"":""application/json""}",
2024-01-15 10:30:56,192.168.1.141,POST,/api/ping,"{""Content-Type"":""application/json"",""User-Agent"":""Mozilla/5.0""}","{""ping"":""pong""}"
2024-01-15 10:30:57,192.168.1.142,GET,/api/metrics,"{""User-Agent"":""Mozilla/5.0"",""Accept"":""application/json""}",
2024-01-15 10:30:58,192.168.1.143,POST,/api/heartbeat,"{""Content-Type"":""application/json"",""User-Agent"":""Mozilla/5.0""}","{""heartbeat"":""alive""}"
2024-01-15 10:30:59,192.168.1.144,GET,/api/stats,"{""User-Agent"":""Mozilla/5.0"",""Accept"":""application/json""}",
2024-01-15 10:31:00,192.168.1.145,POST,/api/report,"{""Content-Type"":""application/json"",""User-Agent"":""Mozilla/5.0""}","{""report"":""system_status""}"
2024-01-15 10:31:01,192.168.1.146,GET,/api/dashboard,"{""User-Agent"":""Mozilla/5.0"",""Accept"":""application/json""}",
2024-01-15 10:31:02,192.168.1.147,POST,/api/analytics,"{""Content-Type"":""application/json"",""User-Agent"":""Mozilla/5.0""}","{""analytics"":""user_behavior""}"
2024-01-15 10:31:03,192.168.1.148,GET,/api/profile,"{""User-Agent"":""Mozilla/5.0"",""Accept"":""application/json""}",
2024-01-15 10:31:04,192.168.1.149,POST,/api/settings,"{""Content-Type"":""application/json"",""User-Agent"":""Mozilla/5.0""}","{""settings"":""user_preferences""}"
2024-01-15 10:31:05,192.168.1.150,GET,/api/notifications,"{""User-Agent"":""Mozilla/5.0"",""Accept"":""application/json""}",
2024-01-15 10:31:06,192.168.1.151,POST,/api/message,"{""Content-Type"":""application/json"",""User-Agent"":""Mozilla/5.0""}","{""message"":""hello_world""}"
2024-01-15 10:31:07,192.168.1.152,GET,/api/feed,"{""User-Agent"":""Mozilla/5.0"",""Accept"":""application/json""}",
2024-01-15 10:31:08,192.168.1.153,POST,/api/subscribe,"{""Content-Type"":""application/json"",""User-Agent"":""Mozilla/5.0""}","{""subscription"":""newsletter""}"
2024-01-15 10:31:09,192.168.1.154,GET,/api/timeline,"{""User-Agent"":""Mozilla/5.0"",""Accept"":""application/json""}",
2024-01-15 10:31:10,192.168.1.155,POST,/api/follow,"{""Content-Type"":""application/json"",""User-Agent"":""Mozilla/5.0""}","{""follow"":""user123""}"
2024-01-15 10:31:11,192.168.1.156,GET,/api/posts,"{""User-Agent"":""Mozilla/5.0"",""Accept"":""application/json""}",
2024-01-15 10:31:12,192.168.1.157,POST,/api/like,"{""Content-Type"":""application/json"",""User-Agent"":""Mozilla/5.0""}","{""like"":""post456""}"
2024-01-15 10:31:13,192.168.1.158,GET,/api/comments,"{""User-Agent"":""Mozilla/5.0"",""Accept"":""application/json""}",
2024-01-15 10:31:14,192.168.1.159,POST,/api/share,"{""Content-Type"":""application/json"",""User-Agent"":""Mozilla/5.0""}","{""share"":""content789""}"
2024-01-15 10:31:15,192.168.1.160,GET,/api/search,"{""User-Agent"":""Mozilla/5.0"",""Accept"":""application/json""}",
2024-01-15 10:31:16,192.168.1.161,POST,/api/filter,"{""Content-Type"":""application/json"",""User-Agent"":""Mozilla/5.0""}","{""filter"":""category=tech""}"
2024-01-15 10:31:17,192.168.1.162,GET,/api/sort,"{""User-Agent"":""Mozilla/5.0"",""Accept"":""application/json""}",
2024-01-15 10:31:18,192.168.1.163,POST,/api/paginate,"{""Content-Type"":""application/json"",""User-Agent"":""Mozilla/5.0""}","{""page"":1,""limit"":10}"
2024-01-15 10:31:19,192.168.1.164,GET,/api/export,"{""User-Agent"":""Mozilla/5.0"",""Accept"":""application/json""}",
2024-01-15 10:31:20,192.168.1.165,POST,/api/import,"{""Content-Type"":""application/json"",""User-Agent"":""Mozilla/5.0""}","{""import"":""data_file.csv""}"
2024-01-15 10:31:21,192.168.1.166,GET,/api/backup,"{""User-Agent"":""Mozilla/5.0"",""Accept"":""application/json""}",
2024-01-15 10:31:22,192.168.1.167,POST,/api/restore,"{""Content-Type"":""application/json"",""User-Agent"":""Mozilla/5.0""}","{""restore"":""backup_file.tar""}"
2024-01-15 10:31:23,192.168.1.168,GET,/api/sync,"{""User-Agent"":""Mozilla/5.0"",""Accept"":""application/json""}",
2024-01-15 10:31:24,192.168.1.169,POST,/api/validate,"{""Content-Type"":""application/json"",""User-Agent"":""Mozilla/5.0""}","{""validate"":""input_data""}"
2024-01-15 10:31:25,192.168.1.170,GET,/api/transform,"{""User-Agent"":""Mozilla/5.0"",""Accept"":""application/json""}",
2024-01-15 10:31:26,192.168.1.171,POST,/api/process,"{""Content-Type"":""application/json"",""User-Agent"":""Mozilla/5.0""}","{""process"":""batch_job""}"
2024-01-15 10:31:27,192.168.1.172,GET,/api/queue,"{""User-Agent"":""Mozilla/5.0"",""Accept"":""application/json""}",
2024-01-15 10:31:28,192.168.1.173,POST,/api/schedule,"{""Content-Type"":""application/json"",""User-Agent"":""Mozilla/5.0""}","{""schedule"":""daily_task""}"
2024-01-15 10:31:29,192.168.1.174,GET,/api/monitor,"{""User-Agent"":""Mozilla/5.0"",""Accept"":""application/json""}",
2024-01-15 10:31:30,192.168.1.175,POST,/api/alert,"{""Content-Type"":""application/json"",""User-Agent"":""Mozilla/5.0""}","{""alert"":""system_warning""}"